Order_ID,Customer_Location,Restaurant_Location,Distance,Weather_Conditions,Traffic_Conditions,Delivery_Person_Experience,Order_Priority,Order_Time,Vehicle_Type,Restaurant_Rating,Customer_Rating,Delivery_Time,Order_Cost,Tip_Amount,Air_Pollution_Index,Water_Pollution_Index,Soil_Pollution_Index,CO2_Emissions,Industrial_Waste_in_tons,Energy_Consumption,Population,Energy_Recovery_GWh,Country,Year,Energy_Consumption_per_Capita,Total_Pollution_Index,Pollution_Severity
ORD0001,"(17.030479, 79.743077)","(12.358515, 85.100083)",1.57,Rainy,Medium,4,Medium,Afternoon,Car,4.1,3.0,26.22,1321.1,81.54,78.312,72.85,86.68299999999999,10.29135,18.455,691.9499999999999,125209,58.44804999999999,"(17.030479, 79.743077)",2024,0.005526359926203387,237.84499999999997,Low
ORD0002,"(15.398319, 86.639122)","(14.174874, 77.025606)",21.32,Cloudy,Medium,8,Low,Night,Car,4.5,4.2,62.61,152.21,29.02,267.5192,185.2,104.3563,333.7113,14.0441,502.505,488439,138.566845,"(15.398319, 86.639122)",2024,0.0010287978642164119,557.0755,High
ORD0003,"(15.687342, 83.888808)","(19.594748, 82.048482)",6.95,Snowy,Medium,9,High,Night,Bike,3.3,3.4,48.43,1644.38,64.17,161.13260000000002,94.95,109.21640000000001,84.147125,26.129800000000003,961.19,271735,94.16416000000001,"(15.687342, 83.888808)",2024,0.0035372329659410823,365.29900000000004,Low
ORD0004,"(20.415599, 78.046984)","(16.915906, 78.278698)",13.79,Cloudy,Low,2,Medium,Evening,Bike,3.2,3.7,111.63,541.25,79.23,288.59,130.54999999999998,111.0125,384.84442499999994,27.738500000000002,546.425,176674,140.43427499999999,"(20.415599, 78.046984)",2024,0.003092843315937829,530.1525,High
ORD0005,"(14.786904, 78.706532)","(15.206038, 86.203182)",6.72,Rainy,High,6,Low,Night,Bike,3.5,2.8,32.38,619.81,2.34,114.7262,91.0,46.6443,54.3984,12.6741,444.30499999999995,433574,64.684145,"(14.786904, 78.706532)",2024,0.0010247501003288941,252.3705,Low
ORD0006,"(15.560205, 80.59125)","(12.478068, 78.823965)",10.0,Rainy,High,10,Medium,Evening,Bicycle,2.8,3.3,60.72,860.35,57.9,188.28699999999998,104.4,94.76050000000001,151.8,20.747500000000002,630.175,260797,99.879175,"(15.560205, 80.59125)",2024,0.002416342979405438,387.4475,Medium
ORD0007,"(21.397639, 84.89693)","(15.934011, 86.767357)",5.15,Sunny,Medium,6,High,Evening,Car,4.4,4.5,28.76,649.45,68.66,97.32900000000001,105.75,74.4135,37.0285,12.246500000000001,427.725,54033,66.40932500000001,"(21.397639, 84.89693)",2024,0.00791599578035645,277.4925,Low
ORD0008,"(12.512731, 86.268971)","(12.019922, 78.4686)",22.57,Snowy,Medium,7,Low,Evening,Bicycle,3.2,4.3,57.28,314.27,1.24,272.7654,179.25,100.3281,323.2024,14.598700000000001,608.535,487999,138.568315,"(12.512731, 86.268971)",2024,0.0012470005061485782,552.3435,High
ORD0009,"(18.814724, 86.95472)","(15.30437, 84.059261)",13.19,Snowy,Medium,8,Low,Night,Bicycle,3.2,3.0,47.22,1223.05,39.0,200.81099999999998,121.95,108.9515,155.70794999999998,21.674500000000002,875.325,166185,109.64582499999999,"(18.814724, 86.95472)",2024,0.005267172127448326,431.7125,Medium
ORD0010,"(14.364647, 87.968582)","(13.508338, 84.206901)",19.56,Snowy,Medium,8,High,Afternoon,Bicycle,3.7,4.1,81.55,419.26,24.52,287.19019999999995,167.60000000000002,103.0778,398.7795,20.502599999999997,600.8299999999999,461400,143.33977,"(14.364647, 87.968582)",2024,0.0013021889900303423,557.8679999999999,High
ORD0011,"(13.516083, 77.368398)","(21.043034, 80.024796)",18.34,Rainy,High,7,Low,Afternoon,Car,3.5,3.6,34.68,233.22,31.02,203.4044,155.5,95.8666,159.0078,9.2682,483.41,216100,110.20859,"(13.516083, 77.368398)",2024,0.002236973623322536,454.771,Medium
ORD0012,"(21.81819, 81.305941)","(19.321344, 80.471393)",3.04,Sunny,Low,7,High,Afternoon,Bike,3.5,3.4,106.88,908.48,59.47,202.8096,77.4,69.1494,81.22879999999999,30.4608,515.04,476502,98.87961,"(21.81819, 81.305941)",2024,0.0010808768903383405,349.35900000000004,Low
ORD0013,"(15.800841, 79.0468)","(19.299898, 77.014496)",1.34,Snowy,Low,7,High,Morning,Bicycle,4.0,4.7,23.12,1846.92,11.85,82.33840000000001,84.30000000000001,66.6926,7.7452000000000005,23.093200000000003,950.26,198246,60.80269,"(15.800841, 79.0468)",2024,0.0047933375704932255,233.33100000000002,Low
ORD0014,"(17.328378, 81.85932)","(21.881675, 82.349324)",0.87,Cloudy,High,1,Medium,Evening,Bike,2.5,4.3,55.43,822.34,52.21,106.55179999999999,63.75,54.255199999999995,12.056025,19.3094,428.57,328779,60.57757999999998,"(17.328378, 81.85932)",2024,0.0013035199936735618,224.557,Low
ORD0015,"(12.865312, 81.430712)","(16.452125, 83.164956)",10.07,Cloudy,Low,6,Medium,Evening,Car,4.9,3.3,29.29,393.48,54.76,132.3646,125.75,79.4644,73.737575,9.7928,398.14,177471,80.69615999999999,"(12.865312, 81.430712)",2024,0.0022434087822799215,337.579,Low
ORD0016,"(14.62525, 78.17385)","(12.069338, 80.962928)",20.73,Snowy,Medium,7,High,Morning,Car,3.7,3.4,50.11,972.65,46.41,260.45799999999997,167.85,135.3045,259.695075,19.7485,900.925,253516,139.90247499999998,"(14.62525, 78.17385)",2024,0.0035537204752362768,563.6125,High
ORD0017,"(21.621044, 83.330567)","(12.736908, 77.460086)",14.02,Rainy,High,1,Medium,Morning,Bike,4.4,4.2,17.53,494.63,23.5,148.34759999999997,147.7,82.6689,61.44265,8.452300000000001,527.7149999999999,139988,89.82553499999999,"(21.621044, 83.330567)",2024,0.0037697159756550557,378.7165,Medium
ORD0018,"(13.110016, 81.85359)","(16.175275, 81.118374)",4.74,Sunny,High,2,Low,Afternoon,Bike,2.5,4.6,79.64,180.42,93.69,160.98839999999998,85.5,71.2176,94.3734,17.7322,185.01,265787,83.17204,"(13.110016, 81.85359)",2024,0.0006960837061255817,317.706,Low
ORD0019,"(20.445084, 79.190647)","(12.511262, 82.796889)",8.61,Sunny,Medium,5,Low,Afternoon,Bike,2.9,4.6,41.29,1151.97,51.88,153.8544,108.85,94.9391,88.876725,19.777700000000003,748.185,473022,90.078265,"(20.445084, 79.190647)",2024,0.0015817129013026877,357.64349999999996,Low
ORD0020,"(15.372184, 81.192175)","(13.79455, 78.669119)",13.65,Snowy,High,9,Low,Afternoon,Car,2.9,4.0,105.53,1813.25,13.43,303.76,129.25,115.7125,360.121125,39.2385,1179.625,250910,150.03027500000002,"(15.372184, 81.192175)",2024,0.004701386951496553,548.7225,High
ORD0021,"(20.391596, 78.35831)","(13.595826, 87.437759)",19.26,Cloudy,Medium,10,Low,Morning,Bike,4.0,3.4,43.19,1378.89,99.58,246.4428,163.5,168.19670000000002,207.95985000000002,22.426900000000003,1074.645,418308,140.83310500000002,"(20.391596, 78.35831)",2024,0.002569028084569265,578.1395,High
ORD0022,"(20.90434, 77.535905)","(14.054784, 84.733876)",5.18,Sunny,Medium,7,High,Evening,Bike,4.3,2.8,39.7,1393.22,48.67,128.8544,91.30000000000001,86.85159999999999,51.411500000000004,21.8722,800.21,302510,78.69294,"(20.90434, 77.535905)",2024,0.0026452348682688177,307.006,Low
ORD0023,"(20.755161, 80.352103)","(17.361127, 79.954404)",7.14,Cloudy,High,5,Low,Morning,Bicycle,3.6,3.4,98.27,238.22,1.71,209.2894,98.89999999999999,36.5616,175.41195,22.0362,261.90999999999997,403148,96.86554000000001,"(20.755161, 80.352103)",2024,0.000649662158810164,344.751,Low
ORD0024,"(14.702472, 87.730108)","(15.846967, 78.528528)",5.58,Rainy,Low,1,Medium,Evening,Bike,2.8,3.1,32.22,1966.58,46.07,132.3016,80.7,104.35239999999999,44.9469,26.1098,1094.8899999999999,483401,81.92726,"(14.702472, 87.730108)",2024,0.0022649725590141515,317.354,Low
ORD0025,"(17.731821, 80.929601)","(14.154959, 86.969719)",11.06,Sunny,Medium,5,Medium,Evening,Bike,3.1,4.6,105.6,1888.02,21.64,284.6404,123.10000000000001,111.70060000000001,291.984,40.0002,1165.21,356446,142.76729,"(17.731821, 80.929601)",2024,0.003268966407253834,519.441,High
ORD0026,"(18.407158, 83.443782)","(20.356516, 87.150792)",3.61,Rainy,Low,7,High,Afternoon,Car,3.6,4.4,80.74,1028.4,61.68,170.558,89.25,76.132,72.86784999999999,26.432000000000002,586.4000000000001,110155,91.00999999999999,"(18.407158, 83.443782)",2024,0.005323407925196315,335.94,Low
ORD0027,"(21.852091, 81.820285)","(12.73781, 86.919703)",2.76,Cloudy,Medium,2,Medium,Afternoon,Bicycle,4.0,3.4,22.99,1683.47,36.8,90.2344,81.0,79.94409999999999,15.863099999999998,21.4327,896.9350000000001,388213,63.835015,"(21.852091, 81.820285)",2024,0.0023104197953185495,251.17849999999999,Low
ORD0028,"(20.974232, 80.728561)","(13.820324, 85.504206)",8.29,Rainy,Medium,5,Medium,Evening,Car,4.7,2.8,102.31,853.04,75.07,236.8458,110.85,96.2862,212.03747499999997,28.992400000000004,592.3199999999999,390871,119.26363,"(20.974232, 80.728561)",2024,0.0015153848712234981,443.98199999999997,Medium
ORD0029,"(15.605301, 84.813409)","(20.08949, 77.152126)",7.17,Snowy,Low,3,Medium,Afternoon,Bike,4.6,2.6,40.22,261.98,48.61,122.9296,102.64999999999999,60.8444,72.09434999999999,10.6638,274.39,205116,70.80105999999999,"(15.605301, 84.813409)",2024,0.0013377308449852765,286.424,Low
ORD0030,"(20.091229, 80.580827)","(14.156297, 84.191408)",4.87,Sunny,Low,10,Medium,Evening,Bike,2.8,4.4,34.47,1022.85,22.82,111.12199999999999,87.55000000000001,61.575500000000005,41.967225,17.122500000000002,608.825,304528,66.93192499999999,"(20.091229, 80.580827)",2024,0.001999241449062155,260.2475,Low
ORD0031,"(17.012613, 78.845912)","(14.558344, 77.803961)",24.1,Sunny,High,5,High,Morning,Bicycle,2.5,2.6,87.96,1528.96,54.55,355.3192,166.3,169.5438,529.959,32.8816,1246.48,304004,178.43997,"(17.012613, 78.845912)",2024,0.004100209207773582,691.1630000000001,High
ORD0032,"(20.287421, 78.348979)","(18.448297, 78.690502)",12.59,Rainy,Low,9,Medium,Afternoon,Bicycle,4.0,3.9,18.89,1318.53,63.27,155.4256,134.15,121.5509,59.456275,16.9633,911.065,62951,98.475635,"(20.287421, 78.348979)",2024,0.014472605677431654,411.1265,Medium
ORD0033,"(18.793881, 82.333879)","(14.881524, 83.580509)",8.84,Cloudy,Low,6,High,Afternoon,Bicycle,2.5,3.2,66.84,132.05,23.67,173.621,94.80000000000001,51.1565,147.7164,14.688500000000003,242.82500000000002,93930,84.595175,"(18.793881, 82.333879)",2024,0.002585169807303311,319.57750000000004,Low
ORD0034,"(19.831199, 79.788236)","(13.444446, 79.520149)",9.51,Cloudy,Medium,9,High,Evening,Bicycle,2.9,2.8,67.53,1310.61,73.72,203.5872,98.94999999999999,114.2183,160.552575,26.612099999999998,845.5049999999999,82592,108.643745,"(19.831199, 79.788236)",2024,0.01023712950406819,416.7555,Medium
ORD0035,"(21.746569, 77.152905)","(17.186588, 86.942375)",8.47,Sunny,High,3,High,Evening,Car,4.8,4.8,106.37,1762.75,4.28,262.57,128.75,88.9025,225.23847500000002,38.9015,1050.775,434891,133.416975,"(21.746569, 77.152905)",2024,0.0024161801462895304,480.22249999999997,Medium
ORD0036,"(18.214891, 82.606697)","(14.159996, 86.423698)",23.23,Sunny,High,3,Low,Morning,Bicycle,3.2,3.8,61.59,807.09,1.44,294.3668,178.55,117.8527,357.68392500000004,20.3889,868.145,474813,149.853505,"(18.214891, 82.606697)",2024,0.001828393493859688,590.7695,High
ORD0037,"(14.850875, 78.609187)","(18.056226, 79.16055)",16.45,Cloudy,Medium,5,Medium,Evening,Bicycle,2.8,4.6,71.81,303.78,90.85,245.3906,147.05,120.3384,295.318625,17.399800000000003,480.89,107793,128.03786000000002,"(14.850875, 78.609187)",2024,0.0044612358873025145,512.779,High
ORD0038,"(14.884442, 79.422718)","(19.142611, 79.034599)",16.64,Snowy,Low,9,Low,Night,Bike,4.6,3.7,66.11,1327.03,15.58,258.8256,158.79999999999998,114.1609,275.0176,26.4923,996.315,391741,137.128735,"(14.884442, 79.422718)",2024,0.002543300292795495,531.7864999999999,High
ORD0039,"(17.690598, 83.089253)","(12.165091, 82.24713)",4.79,Sunny,Low,9,Medium,Afternoon,Car,3.9,3.3,59.42,443.28,4.8,136.3156,89.35,34.8584,71.15545,16.3168,317.44,476547,70.52016,"(17.690598, 83.089253)",2024,0.0006661252720088469,260.524,Low
ORD0040,"(21.941596, 85.76634)","(20.060287, 85.547677)",2.33,Snowy,Medium,1,Medium,Evening,Bike,2.5,3.9,94.66,412.31,70.45,168.87619999999998,67.85,56.914300000000004,55.13945,23.0551,252.755,471617,81.99204499999999,"(21.941596, 85.76634)",2024,0.0005359327589972372,293.6405,Low
ORD0041,"(16.426728, 79.20455)","(19.481325, 79.353291)",7.87,Snowy,Medium,8,High,Evening,Bike,4.4,3.5,39.37,497.76,39.87,131.97019999999998,111.35,66.34779999999999,77.460475,12.8516,406.28,209910,76.95387,"(16.426728, 79.20455)",2024,0.001935496165023105,309.66799999999995,Low
ORD0042,"(12.439207, 86.374354)","(12.744838, 84.520444)",8.97,Cloudy,High,7,Medium,Evening,Bicycle,4.6,4.1,106.23,360.86,70.19,238.3222,123.64999999999999,81.80080000000001,238.22077500000003,24.8546,359.83000000000004,254893,118.43862000000001,"(12.439207, 86.374354)",2024,0.0014116903955777524,443.773,Medium
ORD0043,"(17.374095, 85.883475)","(14.740708, 87.492437)",5.27,Rainy,Medium,9,Medium,Evening,Car,4.7,3.1,80.66,997.01,33.28,183.09019999999998,98.14999999999999,67.6303,106.26954999999998,26.1021,603.905,236766,95.14244500000001,"(17.374095, 85.883475)",2024,0.002550640716994839,348.8705,Low
ORD0044,"(16.09293, 83.497623)","(14.216243, 82.909317)",2.72,Sunny,Medium,2,High,Afternoon,Car,3.8,4.1,100.79,1606.4,50.81,205.07299999999998,84.4,84.477,68.53720000000001,36.222,857.6,247033,105.56224999999998,"(16.09293, 83.497623)",2024,0.0034716009601956014,373.94999999999993,Low
ORD0045,"(13.276315, 83.081724)","(16.065326, 82.663951)",6.54,Sunny,High,7,High,Evening,Car,4.2,3.8,78.07,1732.01,38.99,204.06519999999998,105.1,97.61529999999999,127.64444999999999,32.9341,996.8050000000001,280435,110.05549499999998,"(13.276315, 83.081724)",2024,0.0035544956941893848,406.78049999999996,Medium
ORD0046,"(14.334146, 86.906413)","(15.405122, 77.677359)",12.44,Rainy,Low,3,Medium,Night,Bike,4.1,3.0,28.39,849.05,64.72,159.08599999999998,127.19999999999999,107.5915,88.2929,14.1685,673.3249999999999,277950,94.97192499999998,"(14.334146, 86.906413)",2024,0.002422468069796726,393.87749999999994,Medium
ORD0047,"(12.628599, 87.09608)","(15.378239, 87.153181)",3.92,Snowy,Low,10,Medium,Afternoon,Bicycle,3.9,4.0,98.89,1305.93,21.49,205.8136,90.6,65.6029,96.9122,32.8373,731.365,90696,102.83943500000001,"(12.628599, 87.09608)",2024,0.00806391682102849,362.01649999999995,Low
ORD0048,"(20.407941, 82.416335)","(19.834406, 86.147854)",8.23,Rainy,Low,10,High,Evening,Bicycle,2.9,2.9,113.45,925.63,3.32,254.5276,93.35000000000001,62.3489,233.42337500000002,31.9463,627.415,494817,117.15913499999999,"(20.407941, 82.416335)",2024,0.0012679738165826961,410.22650000000004,Medium
ORD0049,"(21.878381, 80.343123)","(12.233726, 78.803931)",15.87,Snowy,Medium,7,Medium,Afternoon,Bike,3.2,3.6,73.72,477.39,36.23,247.0878,140.15,95.91669999999999,292.48409999999996,19.5179,556.095,340735,124.351005,"(21.878381, 80.343123)",2024,0.0016320454312001996,483.1545,Medium
ORD0050,"(15.667688, 85.451696)","(18.000511, 86.990308)",22.31,Cloudy,High,3,Medium,Night,Bicycle,4.9,4.5,59.07,540.74,39.49,277.89979999999997,196.55,125.2072,329.462925,17.2214,716.5699999999999,308784,148.34958,"(15.667688, 85.451696)",2024,0.0023206189439867347,599.6569999999999,High
ORD0051,"(12.554543, 85.771326)","(20.652816, 81.058063)",13.09,Cloudy,Low,6,High,Afternoon,Bike,4.6,5.0,47.46,1612.01,31.19,208.15019999999998,151.45,116.3153,155.31285,25.6121,1067.805,124831,120.42719499999998,"(12.554543, 85.771326)",2024,0.008554005014779983,475.91549999999995,Medium
ORD0052,"(17.813093, 87.348104)","(20.923667, 83.147978)",1.33,Cloudy,Low,1,Low,Evening,Bike,4.8,4.5,105.89,1007.65,10.55,189.62800000000001,90.65,40.8245,35.208425000000005,31.2545,530.425,298368,93.64387500000002,"(17.813093, 87.348104)",2024,0.0017777543168168166,321.1025,Low
ORD0053,"(21.578852, 83.34626)","(17.339274, 87.412689)",16.18,Cloudy,Low,4,Medium,Morning,Bicycle,2.9,4.7,44.07,1680.43,93.35,229.1536,147.5,161.8079,178.26315,25.6183,1163.815,488687,132.764585,"(21.578852, 83.34626)",2024,0.0023815141389069076,538.4615,High
ORD0054,"(12.839898, 86.389567)","(13.807188, 84.140009)",12.2,Rainy,High,7,Low,Evening,Bike,2.5,2.7,63.55,432.42,63.7,201.5734,107.6,93.6226,193.8275,17.034200000000002,460.21000000000004,329208,102.84909,"(12.839898, 86.389567)",2024,0.0013979307914752984,402.79600000000005,Medium
ORD0055,"(21.938144, 85.950928)","(16.471968, 87.586077)",24.68,Sunny,Medium,5,High,Night,Car,3.4,3.7,69.7,960.5,70.88,321.2,187.0,162.975,430.04900000000004,23.545,973.85,187641,167.62425,"(21.938144, 85.950928)",2024,0.00518996381387863,671.175,High
ORD0056,"(16.46274, 83.124063)","(21.308691, 82.256718)",12.27,Snowy,Medium,1,Medium,Morning,Bike,3.5,3.2,68.07,911.34,77.14,218.49179999999998,121.94999999999999,114.9902,208.80472499999996,22.7274,701.0699999999999,402031,116.27703,"(16.46274, 83.124063)",2024,0.001743820750141158,455.43199999999996,Medium
ORD0057,"(12.151614, 83.536485)","(21.417753, 78.073953)",19.52,Snowy,High,7,Low,Morning,Bike,3.0,3.6,15.42,1736.73,27.46,214.0246,156.4,143.9119,75.2496,20.4513,1258.7649999999999,202031,125.254685,"(12.151614, 83.536485)",2024,0.006230553726903296,514.3365,High
ORD0058,"(18.143633, 82.100522)","(17.856045, 87.01613)",16.66,Sunny,Medium,8,Medium,Afternoon,Bike,3.3,4.7,59.63,813.34,95.01,238.9918,153.9,138.54520000000002,248.35895000000002,20.059400000000004,739.87,300217,131.28308,"(18.143633, 82.100522)",2024,0.002464450713983552,531.437,High
ORD0059,"(20.80843, 84.140846)","(21.922618, 86.550825)",13.23,Cloudy,Low,1,Medium,Afternoon,Bicycle,2.6,4.6,24.49,1234.19,24.16,167.25879999999998,128.95,102.0257,81.000675,17.2399,881.695,126036,98.16745499999999,"(20.80843, 84.140846)",2024,0.006995580627757149,398.2345,Medium
ORD0060,"(14.369941, 78.390423)","(16.142483, 78.662479)",16.25,Cloudy,Low,8,Low,Afternoon,Bike,3.1,2.7,88.3,870.65,10.16,279.863,133.85,96.1995,358.71875,26.366500000000002,760.325,117159,135.705425,"(14.369941, 78.390423)",2024,0.006489684958048464,509.91249999999997,High
ORD0061,"(14.322621, 78.048464)","(18.558171, 86.580946)",2.73,Sunny,Low,9,Medium,Afternoon,Car,4.0,3.5,77.06,1598.74,12.65,169.40480000000002,81.65,65.2072,52.593450000000004,31.3994,853.97,273217,89.49228000000001,"(14.322621, 78.048464)",2024,0.003125610778245863,316.26200000000006,Low
ORD0062,"(21.407071, 87.17565)","(20.67778, 79.230353)",1.19,Rainy,Low,5,High,Morning,Car,2.8,4.4,112.41,745.3,55.52,193.04100000000003,69.15,54.879,33.441975,29.935,396.45,63618,91.94815,"(21.407071, 87.17565)",2024,0.006231726869753843,317.07000000000005,Low
ORD0063,"(13.690148, 80.640997)","(15.781756, 85.254477)",1.44,Cloudy,Low,3,Medium,Afternoon,Car,4.3,2.8,115.63,915.87,9.22,203.2824,72.6,37.8461,41.626799999999996,32.2847,486.735,58050,94.09551499999999,"(13.690148, 80.640997)",2024,0.008384754521963824,313.72849999999994,Low
ORD0064,"(16.879577, 87.630526)","(13.978662, 79.021404)",15.93,Snowy,High,8,Low,Evening,Bike,3.3,3.8,72.59,1677.86,68.17,269.8822,143.05,148.14079999999998,289.089675,31.2966,1157.53,77467,144.31441999999998,"(16.879577, 87.630526)",2024,0.014942233467153756,561.073,High
ORD0065,"(19.205708, 82.751826)","(18.260038, 86.506433)",11.44,Rainy,Medium,6,Low,Evening,Car,3.7,3.2,82.87,185.33,13.93,219.5316,119.79999999999998,58.28489999999999,237.00820000000002,18.427300000000002,321.465,200765,105.93313499999998,"(19.205708, 82.751826)",2024,0.0016012004084377256,397.6165,Medium
ORD0066,"(21.722421, 86.686697)","(16.64932, 87.883971)",11.18,Rainy,High,8,Low,Night,Bike,4.4,2.9,85.19,238.3,92.51,221.99099999999999,123.10000000000001,98.124,238.10604999999998,19.421,342.75,176387,113.70429999999999,"(21.722421, 86.686697)",2024,0.0019431704150532636,443.21500000000003,Medium
ORD0067,"(17.741606, 82.836676)","(13.045647, 78.023608)",24.9,Snowy,Medium,3,Low,Evening,Car,4.6,4.5,66.84,1813.25,15.12,335.72499999999997,206.5,161.5575,416.079,31.500500000000002,1404.625,430390,178.85132499999997,"(17.741606, 82.836676)",2024,0.0032636097492971493,703.7824999999999,High
ORD0068,"(18.131959, 82.591629)","(17.944584, 77.124149)",12.69,Snowy,Medium,10,High,Evening,Bicycle,4.6,2.7,71.98,1170.82,33.33,232.90640000000002,131.04999999999998,102.5496,228.35655,26.1042,839.2099999999999,424566,121.90604,"(18.131959, 82.591629)",2024,0.0019766302530113103,466.50600000000003,Medium
ORD0069,"(17.570105, 86.216081)","(14.92959, 85.928692)",3.12,Rainy,High,3,Low,Evening,Bicycle,3.7,4.1,53.53,1341.69,84.08,132.0888,85.4,94.7707,41.7534,24.1229,733.245,461922,80.571405,"(17.570105, 86.216081)",2024,0.0015873783885591074,312.2595,Low
ORD0070,"(16.032865, 82.008362)","(19.765919, 78.907022)",8.94,Sunny,Low,2,High,Night,Bicycle,4.2,3.5,72.91,498.89,6.8,190.8628,114.69999999999999,54.1267,162.95385,19.5709,428.245,153576,96.146205,"(16.032865, 82.008362)",2024,0.002788489086836485,359.68949999999995,Low
ORD0071,"(15.963105, 82.053527)","(13.993396, 83.135677)",22.84,Snowy,Low,2,Low,Morning,Bicycle,2.7,4.3,115.32,1444.92,3.88,384.59839999999997,175.6,136.6476,658.4771999999999,37.5132,1179.26,418111,186.00194,"(15.963105, 82.053527)",2024,0.0028204472018196125,696.846,High
ORD0072,"(12.097594, 78.076413)","(19.994171, 78.614499)",14.9,Rainy,High,8,Low,Evening,Bicycle,2.8,3.9,74.07,1924.41,90.53,268.7932,133.7,162.5973,275.91075,34.058099999999996,1260.205,481449,145.390795,"(12.097594, 78.076413)",2024,0.002617525428446211,565.0905,High
ORD0073,"(17.091127, 82.038006)","(17.372605, 87.820444)",22.1,Rainy,High,1,Medium,Morning,Bike,4.1,3.8,65.57,326.77,82.38,281.69039999999995,181.9,139.3931,362.27425,16.3817,605.385,313302,148.348765,"(17.091127, 82.038006)",2024,0.001932273014535496,602.9834999999999,High
ORD0074,"(16.734343, 79.574419)","(19.049631, 77.131806)",18.68,Sunny,High,1,Medium,Night,Bicycle,3.6,3.3,91.6,549.34,59.74,297.8268,155.8,121.0702,427.772,23.8134,648.27,443949,148.19393,"(16.734343, 79.574419)",2024,0.0014602352972976624,574.697,High
ORD0075,"(15.450302, 81.048616)","(12.313686, 81.756209)",7.6,Rainy,Low,6,Medium,Afternoon,Bike,3.2,4.5,69.67,220.57,83.17,169.7164,106.0,78.60210000000001,132.373,16.1397,262.28499999999997,275937,90.36111500000001,"(15.450302, 81.048616)",2024,0.0009505249386635354,354.31850000000003,Low
ORD0076,"(12.215745, 78.482179)","(19.931184, 79.451584)",2.29,Sunny,Medium,8,Medium,Afternoon,Car,4.5,4.6,79.35,672.02,1.32,150.7854,93.25,29.9806,45.427875,22.5902,381.81,119734,77.41879,"(12.215745, 78.482179)",2024,0.0031888185477809143,274.016,Low
ORD0077,"(17.981471, 86.95142)","(18.781496, 85.251288)",6.74,Rainy,Low,2,Low,Afternoon,Bike,3.2,3.0,79.09,291.97,6.78,178.39440000000002,89.7,39.1091,133.26665,18.7377,280.785,75146,84.819765,"(17.981471, 86.95142)",2024,0.003736526228940995,307.2035,Low
ORD0078,"(13.175292, 87.081743)","(17.005465, 80.652715)",16.35,Rainy,Medium,7,Low,Morning,Bicycle,4.4,3.0,104.6,1208.91,30.92,311.8782,149.75,117.1273,427.5525,33.009100000000004,931.455,399506,154.286195,"(13.175292, 87.081743)",2024,0.0023315169234003996,578.7555,High
ORD0079,"(12.123307, 84.813429)","(17.537451, 84.858854)",12.02,Sunny,Medium,6,Low,Morning,Bicycle,3.4,3.0,60.18,1416.3,97.57,214.756,118.1,139.35399999999998,180.8409,26.199,948.55,52848,119.4295,"(12.123307, 84.813429)",2024,0.017948645171056616,472.21,Medium
ORD0080,"(21.46076, 79.294489)","(17.241296, 79.143973)",24.26,Snowy,High,7,High,Afternoon,Bicycle,4.6,2.8,52.03,1030.11,84.51,292.7272,189.70000000000002,170.19830000000002,315.56195,20.7071,1000.255,372720,159.570745,"(21.46076, 79.294489)",2024,0.0026836633397724833,652.6255,High
ORD0081,"(13.362809, 81.139969)","(18.988702, 85.352561)",0.56,Sunny,Medium,2,Low,Night,Bike,4.1,4.9,16.48,1624.41,43.14,61.688199999999995,83.0,72.5423,2.3072000000000004,19.5401,823.4050000000001,94757,53.803844999999995,"(13.362809, 81.139969)",2024,0.008689648258176178,217.2305,Low
ORD0082,"(14.668125, 79.410968)","(18.396521, 80.921505)",14.09,Rainy,Medium,7,Low,Night,Bicycle,3.8,2.6,67.22,1036.37,88.66,234.2774,129.25,131.78109999999998,236.78244999999998,23.8077,799.9849999999999,105872,125.423465,"(14.668125, 79.410968)",2024,0.007556152712709686,495.3085,Medium
ORD0083,"(21.047258, 87.456557)","(15.704977, 78.651575)",9.59,Rainy,High,3,High,Night,Bicycle,4.9,4.2,15.23,240.39,83.16,104.3728,130.55,87.1517,36.513925,5.4498999999999995,311.995,166668,72.674555,"(21.047258, 87.456557)",2024,0.0018719550243598052,322.0745,Low
ORD0084,"(12.929956, 78.21257)","(18.693339, 84.602388)",21.74,Snowy,Medium,7,High,Evening,Bike,3.8,2.8,113.29,1780.36,60.43,379.4622,169.1,170.5858,615.73115,40.461600000000004,1324.98,303724,189.43117,"(12.929956, 78.21257)",2024,0.004362447485216842,719.1479999999999,High
ORD0085,"(20.647159, 78.225933)","(13.209912, 82.039972)",9.17,Rainy,Low,5,High,Evening,Bicycle,5.0,3.1,118.8,236.86,7.41,256.2972,120.64999999999999,47.4908,272.349,26.128600000000002,301.83000000000004,378320,118.59421999999999,"(20.647159, 78.225933)",2024,0.0007978166631423135,424.43799999999993,Medium
ORD0086,"(21.402659, 79.959544)","(17.40514, 82.424215)",7.7,Snowy,Low,9,Medium,Evening,Bike,4.7,3.8,20.29,1395.31,18.08,119.9412,115.9,81.6993,39.05825,18.0111,851.655,376116,78.62169500000002,"(21.402659, 79.959544)",2024,0.0022643413202309923,317.5405,Low
ORD0087,"(12.396437, 78.148824)","(12.352906, 85.095338)",12.73,Cloudy,Medium,1,Medium,Night,Bike,2.5,3.8,118.26,713.21,2.96,293.49420000000003,119.05000000000001,73.7963,376.36245,30.784100000000002,611.205,434947,135.24134500000002,"(12.396437, 78.148824)",2024,0.001405240178688438,486.3405,Medium
ORD0088,"(13.290933, 81.032454)","(16.618421, 86.599879)",8.5,Rainy,Medium,2,Medium,Night,Bike,2.6,4.1,107.95,1553.43,45.26,260.9936,101.3,103.2329,229.39375,37.124300000000005,946.715,158112,128.892735,"(13.290933, 81.032454)",2024,0.005987622697834447,465.52650000000006,Medium
ORD0089,"(14.485949, 77.200453)","(17.647837, 85.282537)",10.0,Cloudy,High,4,High,Evening,Bicycle,4.5,3.2,109.67,318.86,1.28,250.88219999999998,120.6,50.205799999999996,274.175,25.122600000000002,359.43,360453,116.96457,"(14.485949, 77.200453)",2024,0.000997161904603374,421.688,Medium
ORD0090,"(20.351571, 85.936744)","(12.745319, 79.871156)",2.12,Cloudy,Low,1,Medium,Afternoon,Car,3.6,3.0,23.1,496.05,13.11,61.531000000000006,70.6,29.9165,12.243000000000002,9.5805,290.425,146337,40.89897500000001,"(20.351571, 85.936744)",2024,0.0019846313645899534,162.0475,Low
ORD0091,"(14.951015, 78.976781)","(17.992389, 80.410493)",6.09,Cloudy,Low,6,Low,Afternoon,Car,4.3,3.0,41.71,717.81,86.33,125.6412,97.45,89.0593,63.503475,15.5201,480.705,409352,76.749295,"(14.951015, 78.976781)",2024,0.001174307197717368,312.1505,Low
ORD0092,"(14.269461, 80.239348)","(18.8041, 85.796332)",3.25,Snowy,Low,5,Medium,Afternoon,Bike,4.1,3.7,77.65,389.76,27.09,150.27020000000002,86.85,38.2378,63.090625,19.4276,259.88,79038,75.95777,"(14.269461, 80.239348)",2024,0.003288038664945975,275.358,Low
ORD0093,"(16.580299, 78.12065)","(13.520291, 82.49965)",2.23,Rainy,Low,2,Low,Afternoon,Bicycle,3.9,2.6,91.85,1221.92,26.45,180.05339999999998,70.95,58.802600000000005,51.206374999999994,30.5892,655.5600000000001,319533,89.26209,"(16.580299, 78.12065)",2024,0.002051619081597206,309.806,Low
ORD0094,"(19.42553, 79.177903)","(12.655972, 85.639259)",8.34,Sunny,Medium,3,Low,Afternoon,Car,3.5,3.4,33.81,729.5,90.4,132.025,103.9,100.44500000000001,70.49385000000001,14.057,531.55,344836,81.07705,"(19.42553, 79.177903)",2024,0.001541457388439722,336.37,Low
ORD0095,"(18.038568, 84.144053)","(13.219121, 82.828937)",13.44,Snowy,Medium,5,Medium,Morning,Bicycle,3.9,2.9,21.21,1997.42,45.85,179.2834,129.4,136.6076,71.2656,24.2162,1267.51,243250,109.84264,"(18.038568, 84.144053)",2024,0.005210729701952723,445.291,Medium
ORD0096,"(19.486415, 78.557736)","(16.8342, 83.728159)",22.15,Sunny,Low,1,High,Night,Car,3.8,4.6,91.22,1557.05,39.75,345.171,185.55,155.1865,505.13075,33.814499999999995,1221.525,77339,177.465075,"(19.486415, 78.557736)",2024,0.015794424546477198,685.9075,High
ORD0097,"(12.021992, 84.862769)","(13.966486, 77.264234)",12.33,Sunny,Low,7,High,Night,Bicycle,4.8,2.7,77.25,122.3,64.79,216.96099999999998,131.25,85.384,238.123125,16.673000000000002,307.75,339515,110.81509999999999,"(12.021992, 84.862769)",2024,0.0009064400689218444,433.595,Medium
ORD0098,"(18.068685, 82.245599)","(15.166493, 79.726667)",20.25,Snowy,Low,1,Medium,Morning,Car,4.7,5.0,67.89,1035.53,48.5,284.54560000000004,188.25,136.3159,343.693125,23.933300000000003,922.765,222131,153.034385,"(18.068685, 82.245599)",2024,0.004154147777662731,609.1115,High
ORD0099,"(20.095563, 85.38305)","(19.327674, 81.556919)",18.84,Sunny,High,2,Medium,Morning,Bicycle,4.3,4.8,80.96,300.01,61.98,278.1602,175.6,115.3503,381.3216,19.1921,526.8050000000001,458062,143.54744499999998,"(20.095563, 85.38305)",2024,0.0011500735708266567,569.1105,High
ORD0100,"(13.245465, 86.909466)","(15.021761, 87.069326)",10.11,Rainy,Low,5,Low,Afternoon,Bike,3.9,4.0,100.6,250.08,24.16,236.78159999999997,121.55,60.0224,254.26649999999998,22.620800000000003,327.24,169962,113.39616,"(13.245465, 86.909466)",2024,0.0019253715536414022,418.354,Medium
ORD0101,"(17.357117, 82.942175)","(13.969167, 79.186762)",5.09,Rainy,High,6,Medium,Night,Car,3.8,2.6,56.11,868.92,37.2,142.2634,84.25,65.0276,71.399975,19.9112,536.26,231156,77.24763999999999,"(17.357117, 82.942175)",2024,0.0023199051722646176,291.541,Low
ORD0102,"(19.11305, 87.619916)","(21.990214, 86.925957)",9.45,Cloudy,Medium,2,Low,Evening,Bike,3.8,4.0,91.33,751.69,98.37,227.6288,117.25,109.5357,215.767125,25.7829,564.845,407749,118.48215499999999,"(19.11305, 87.619916)",2024,0.0013852762361158458,454.41450000000003,Medium
ORD0103,"(17.928196, 83.588991)","(20.916119, 82.187327)",13.03,Cloudy,Medium,7,Low,Night,Bike,4.8,4.1,44.99,1956.76,90.91,210.8602,145.95,156.27779999999998,146.554925,28.5656,1238.98,422986,127.31597,"(17.928196, 83.588991)",2024,0.0029291276779846143,513.088,High
ORD0104,"(12.906973, 78.121968)","(21.745007, 86.139016)",11.57,Rainy,High,2,High,Afternoon,Bike,3.7,4.5,22.69,1543.68,31.06,157.4686,130.85,108.1204,65.630825,19.974800000000002,1003.24,284857,97.61856000000002,"(12.906973, 78.121968)",2024,0.0035219074834039535,396.439,Medium
ORD0105,"(17.459726, 81.031916)","(16.77123, 79.15117)",12.16,Snowy,Medium,4,Low,Morning,Car,4.1,4.0,112.83,1098.6,87.91,288.49699999999996,133.8,125.553,343.0032,33.552,792.5,385928,145.56284999999997,"(17.459726, 81.031916)",2024,0.0020534918430380796,547.8499999999999,High
ORD0106,"(20.302399, 78.304548)","(16.455523, 83.91901)",5.08,Rainy,Low,8,Low,Night,Bicycle,4.0,5.0,96.44,1304.29,53.37,211.38580000000002,105.4,86.1337,122.47879999999999,32.3309,753.745,101492,110.348155,"(20.302399, 78.304548)",2024,0.007426644464588342,402.91949999999997,Medium
ORD0107,"(19.001364, 82.216913)","(19.34114, 85.781167)",21.76,Sunny,Low,8,High,Afternoon,Bicycle,3.2,2.6,119.67,765.5,72.11,368.89500000000004,161.60000000000002,146.06,651.0048,31.589000000000002,817.95,211202,177.53310000000002,"(19.001364, 82.216913)",2024,0.003872832643630269,676.5550000000001,High
ORD0108,"(20.277756, 82.670628)","(18.021436, 79.252727)",19.82,Sunny,Medium,7,High,Morning,Bicycle,3.8,2.6,18.9,397.51,40.14,194.8602,157.9,111.2753,93.64949999999999,7.7551,595.155,338768,109.831395,"(20.277756, 82.670628)",2024,0.0017568217777357955,464.0355,Medium
ORD0109,"(19.039561, 82.29819)","(17.166845, 79.763063)",1.77,Sunny,Medium,10,Low,Afternoon,Bike,3.5,3.9,76.57,561.44,70.84,140.2438,75.05,59.343199999999996,33.882225,20.9284,316.12,266428,74.35597999999999,"(19.039561, 82.29819)",2024,0.0011865119281757172,274.63699999999994,Low
ORD0110,"(14.436361, 81.784262)","(17.794404, 82.997255)",1.7,Rainy,Low,10,High,Night,Bicycle,4.6,2.6,61.58,467.76,36.41,115.3252,75.3,39.0378,26.171499999999998,16.9936,267.88,344093,62.310669999999995,"(14.436361, 81.784262)",2024,0.0007785104608347161,229.663,Low
ORD0111,"(18.443716, 78.904846)","(19.453432, 82.20258)",5.4,Sunny,Low,4,Medium,Night,Bicycle,4.5,4.7,102.06,897.1,63.49,214.23200000000003,109.6,80.25800000000001,137.781,29.383000000000003,556.55,177308,109.98150000000003,"(18.443716, 78.904846)",2024,0.0031388882622329505,404.09000000000003,Medium
ORD0112,"(18.638164, 85.11371)","(13.676438, 80.227294)",14.33,Cloudy,Medium,10,High,Morning,Bike,2.5,2.6,68.88,1508.24,77.48,248.1248,117.45,141.3072,246.7626,28.8584,1040.72,467504,130.66688,"(18.638164, 85.11371)",2024,0.0022261199904171944,506.88199999999995,High
ORD0113,"(21.751239, 78.04432)","(21.615936, 82.137932)",24.45,Rainy,High,8,Medium,Night,Car,4.7,4.3,86.8,223.6,2.22,330.27199999999993,203.65,105.618,530.5649999999999,19.596,600.8,148697,163.4927,"(21.751239, 78.04432)",2024,0.004040431212465618,639.54,High
ORD0114,"(21.139317, 83.247471)","(12.393067, 85.842775)",15.37,Snowy,Medium,5,High,Evening,Car,3.8,3.7,57.78,1134.97,14.8,232.3294,144.45,102.9291,222.01964999999998,22.905700000000003,874.885,285865,123.19046499999999,"(21.139317, 83.247471)",2024,0.003060483095167299,479.7085,Medium
ORD0115,"(20.666223, 82.834515)","(15.495926, 85.850249)",0.52,Rainy,High,6,Medium,Night,Bicycle,3.7,3.3,55.23,852.22,63.29,104.04939999999999,66.0,59.2916,7.1799,19.568199999999997,436.51,399768,61.13584,"(20.666223, 82.834515)",2024,0.0010919083068179544,229.341,Low
ORD0116,"(21.753675, 85.07091)","(18.418958, 80.989103)",14.76,Sunny,Low,3,Low,Night,Bicycle,2.7,2.7,63.79,453.07,54.13,222.82639999999998,122.4,99.6971,235.3851,17.288700000000002,521.735,459317,113.197965,"(21.753675, 85.07091)",2024,0.0011358930760237483,444.9235,Medium
ORD0117,"(16.044164, 81.042023)","(19.725197, 85.023342)",9.17,Snowy,Low,6,High,Morning,Bicycle,3.0,3.2,107.53,1054.82,17.24,255.75140000000002,101.44999999999999,76.9446,246.512525,32.0542,710.81,284914,121.37879000000001,"(16.044164, 81.042023)",2024,0.0024948229992208175,434.146,Medium
ORD0118,"(16.238579, 82.385593)","(12.318846, 81.789059)",13.48,Cloudy,Medium,2,Low,Afternoon,Bike,3.5,4.2,92.43,1290.42,80.17,272.2934,136.0,132.7176,311.4891,31.3902,914.8100000000001,404179,141.35174,"(16.238579, 82.385593)",2024,0.0022633783546399,541.011,High
ORD0119,"(20.983462, 77.096783)","(12.456291, 81.308049)",18.18,Sunny,Low,3,Medium,Evening,Car,3.6,4.9,94.6,1107.24,30.76,309.48479999999995,166.10000000000002,121.3172,429.957,29.992399999999996,917.22,365215,156.25997999999998,"(20.983462, 77.096783)",2024,0.0025114521583177035,596.9019999999999,High
ORD0120,"(14.287338, 80.044069)","(18.165321, 79.353856)",21.16,Snowy,Low,5,Medium,Afternoon,Bicycle,4.5,3.0,108.42,1705.35,99.74,366.01699999999994,174.8,185.6705,573.5418,38.7375,1275.875,465664,188.110675,"(14.287338, 80.044069)",2024,0.002739904738180319,726.4875,High
ORD0121,"(17.814519, 83.281902)","(21.748801, 78.560796)",8.08,Cloudy,Medium,5,Low,Night,Bicycle,4.2,4.2,85.42,1958.47,50.95,231.93939999999998,116.0,116.54910000000001,172.54840000000002,36.6687,1140.835,403517,124.931665,"(17.814519, 83.281902)",2024,0.0028272290882416355,464.4885,Medium
ORD0122,"(21.156634, 80.556935)","(12.349095, 85.310478)",21.56,Sunny,Low,5,Medium,Night,Car,3.5,2.8,50.16,1653.28,3.93,280.7856,165.20000000000002,137.8034,270.3624,26.5648,1257.84,133025,148.57211,"(21.156634, 80.556935)",2024,0.009455666228152602,583.789,High
ORD0123,"(18.383287, 85.635688)","(13.553503, 87.773861)",9.62,Sunny,Medium,9,High,Night,Bicycle,3.7,3.1,110.3,208.45,16.95,246.57899999999998,109.89999999999999,53.2085,265.27149999999995,24.1445,296.625,284215,113.59277499999999,"(18.383287, 85.635688)",2024,0.001043664127509104,409.6875,Medium
ORD0124,"(13.965938, 87.001634)","(16.4162, 77.01058)",20.49,Cloudy,Low,4,High,Morning,Bike,3.9,2.9,87.07,1156.3,98.67,317.65099999999995,164.64999999999998,165.98399999999998,446.01607499999994,28.976999999999997,987.9499999999999,100674,164.71369999999996,"(13.965938, 87.001634)",2024,0.009813357967300394,648.2849999999999,High
ORD0125,"(15.797555, 79.369911)","(12.110201, 80.261562)",22.32,Rainy,High,2,Low,Afternoon,Bicycle,2.9,3.3,28.65,1775.18,47.47,257.0386,167.0,166.2704,159.867,23.4818,1333.99,193164,144.84485999999998,"(15.797555, 79.369911)",2024,0.006905996976662318,590.309,High
ORD0126,"(18.645129, 83.470304)","(14.221925, 78.069703)",13.61,Rainy,Low,7,High,Evening,Car,4.9,4.4,40.6,1244.2,7.9,194.664,152.25,95.71600000000001,138.1415,20.562,894.3,426559,111.4314,"(18.645129, 83.470304)",2024,0.002096544674945318,442.63,Medium
ORD0127,"(20.426945, 83.95039)","(17.153309, 86.106388)",20.77,Sunny,Medium,2,Medium,Morning,Car,3.9,3.8,58.53,1027.6,88.45,274.507,173.25,158.13299999999998,303.917025,21.982,929.1999999999999,399119,149.51484999999997,"(20.426945, 83.95039)",2024,0.0023281277012620295,605.89,High
ORD0128,"(12.776104, 77.018445)","(18.657911, 78.408433)",7.94,Sunny,Medium,8,Low,Evening,Car,2.8,3.9,34.51,1645.31,76.89,148.19119999999998,98.9,119.5643,68.50234999999999,23.3551,981.4549999999999,66264,91.514045,"(12.776104, 77.018445)",2024,0.01481128516238078,366.65549999999996,Low
ORD0129,"(18.315683, 82.648086)","(15.079457, 80.472343)",18.07,Sunny,Medium,1,High,Morning,Car,4.9,3.4,16.98,1168.58,57.56,193.4016,166.54999999999998,136.1174,76.70715,15.0818,945.6899999999999,218145,117.78080999999999,"(18.315683, 82.648086)",2024,0.004335144055559376,496.06899999999996,Medium
ORD0130,"(18.473966, 86.109857)","(20.082991, 83.118426)",4.61,Sunny,Low,7,High,Afternoon,Bicycle,2.6,3.2,113.28,1847.44,74.33,243.74880000000002,74.65,111.0282,130.5552,41.1304,1015.9200000000001,331180,121.16103000000001,"(18.473966, 86.109857)",2024,0.0030675765444773237,429.427,Medium
ORD0131,"(14.52999, 78.36249)","(21.427779, 83.34836)",1.32,Snowy,Low,6,Low,Evening,Car,4.1,4.5,72.64,1794.8,47.45,155.416,83.6,82.84899999999999,23.9712,32.476,923.8,92583,88.76255,"(14.52999, 78.36249)",2024,0.009978073728438265,321.865,Low
ORD0132,"(13.429301, 78.290829)","(13.951955, 81.113552)",18.91,Snowy,Low,4,High,Evening,Bike,4.5,4.2,32.44,1542.94,22.21,230.7988,173.15,133.03320000000002,153.3601,21.9174,1149.67,155000,132.59158000000002,"(13.429301, 78.290829)",2024,0.007417225806451613,536.982,High
ORD0133,"(15.63891, 87.704574)","(19.793578, 86.875378)",1.32,Sunny,High,5,Medium,Night,Bicycle,2.8,4.0,114.0,1215.47,55.22,205.8694,66.6,69.3541,37.620000000000005,34.9547,634.135,279385,99.465815,"(15.63891, 87.704574)",2024,0.0022697532079388656,341.8235,Low
ORD0134,"(20.904703, 87.050614)","(20.954014, 83.871249)",18.0,Cloudy,Low,10,High,Evening,Bicycle,5.0,4.4,36.63,1319.5,85.63,225.33499999999998,175.2,154.4,164.835,20.521,1019.75,260518,134.0089,"(20.904703, 87.050614)",2024,0.003914316861023039,554.935,High
ORD0135,"(21.145765, 81.740436)","(18.712736, 86.41711)",12.9,Sunny,Low,10,Low,Afternoon,Bike,3.3,4.4,73.82,1958.49,6.89,253.09980000000002,132.7,113.7997,238.06949999999998,34.3489,1237.245,71939,133.279455,"(21.145765, 81.740436)",2024,0.017198529309553925,499.59950000000003,High
ORD0136,"(14.203475, 77.819664)","(14.32718, 78.646128)",22.58,Cloudy,Low,8,Medium,Night,Bicycle,4.1,4.6,79.73,600.85,37.76,312.252,190.7,127.2255,450.07585,21.954500000000003,752.025,408208,159.681225,"(14.203475, 77.819664)",2024,0.0018422593383765138,630.1775,High
ORD0137,"(12.878906, 81.691649)","(15.131849, 86.018899)",15.34,Rainy,High,2,Low,Night,Bike,4.3,3.8,23.54,950.14,98.94,177.0328,150.1,139.3342,90.2759,14.2094,781.87,425665,109.71373000000001,"(12.878906, 81.691649)",2024,0.0018368200345341994,466.467,Medium
ORD0138,"(20.664072, 79.015535)","(16.511111, 85.649124)",9.64,Sunny,High,3,Low,Afternoon,Bicycle,2.6,3.7,109.15,1728.54,55.88,275.41580000000005,103.80000000000001,118.3562,263.05150000000003,39.1154,1057.07,254808,136.78433,"(20.664072, 79.015535)",2024,0.00414849612257072,497.57200000000006,Medium
ORD0139,"(17.597781, 86.897815)","(18.086547, 80.911213)",10.42,Rainy,Low,8,Medium,Morning,Car,3.9,2.9,115.69,440.82,70.41,265.71139999999997,114.3,90.1096,301.37245,27.546200000000002,428.81,208891,127.10833999999998,"(17.597781, 86.897815)",2024,0.002052793083474156,470.121,Medium
ORD0140,"(14.082501, 79.313765)","(15.887518, 79.672521)",12.63,Snowy,Medium,2,Medium,Afternoon,Bike,3.8,3.2,29.12,215.91,91.94,149.0382,126.75,102.9673,91.94640000000001,7.9831,360.555,432267,88.699795,"(14.082501, 79.313765)",2024,0.0008341025338506063,378.7555,Medium
ORD0141,"(19.592541, 86.682688)","(18.441672, 82.959893)",12.7,Sunny,Medium,2,Low,Night,Bike,4.8,4.7,70.4,1606.19,28.42,239.3238,149.1,113.19569999999999,223.52,30.141900000000003,1057.095,235543,130.653255,"(19.592541, 86.682688)",2024,0.004487906666723274,501.6195,High
ORD0142,"(13.140203, 84.190237)","(16.521642, 87.436243)",12.97,Rainy,High,5,Low,Morning,Bike,4.0,4.4,116.43,554.58,1.29,289.49660000000006,140.05,69.1624,377.52427500000005,28.8318,536.69,175928,136.76606,"(13.140203, 84.190237)",2024,0.0030506229821290532,498.70900000000006,Medium
ORD0143,"(17.885866, 87.2673)","(19.496469, 82.318768)",16.83,Cloudy,High,8,Medium,Evening,Car,3.8,2.9,62.32,1289.0,35.81,253.9,145.35,123.895,262.21139999999997,25.354,981.0999999999999,57216,133.96585000000002,"(17.885866, 87.2673)",2024,0.017147301454138703,523.145,High
ORD0144,"(14.634619, 86.733493)","(18.593321, 79.160326)",8.4,Rainy,Medium,1,Medium,Morning,Car,4.0,2.6,97.6,216.86,48.19,217.93719999999996,102.8,64.2008,204.96,21.6886,276.43,347516,104.24671999999998,"(14.634619, 86.733493)",2024,0.0007954453895647971,384.938,Medium
ORD0145,"(19.487205, 80.932031)","(21.748834, 87.515253)",5.36,Snowy,Low,4,Low,Morning,Car,3.2,3.9,80.62,760.11,67.86,179.0122,90.0,78.1733,108.03080000000001,23.725100000000005,487.255,476862,92.919695,"(19.487205, 80.932031)",2024,0.0010217945653040084,347.1855,Low
ORD0146,"(17.440649, 78.890867)","(13.898466, 85.362821)",14.22,Snowy,Medium,5,Medium,Afternoon,Bike,3.2,2.7,99.93,579.74,60.63,275.24980000000005,124.70000000000002,104.5872,355.25115000000005,25.783400000000004,574.27,314208,133.51638000000003,"(17.440649, 78.890867)",2024,0.0018276746613708117,504.5370000000001,High
ORD0147,"(12.119879, 80.70229)","(14.739014, 80.154465)",1.09,Cloudy,Medium,3,Medium,Evening,Car,4.4,4.2,96.51,891.02,51.33,171.30540000000002,83.05000000000001,56.7556,26.298975000000002,28.212200000000003,467.31,312427,87.79984,"(12.119879, 80.70229)",2024,0.0014957414051922529,311.11100000000005,Low
ORD0148,"(17.323192, 86.8108)","(14.477986, 83.355221)",1.81,Cloudy,High,3,Medium,Afternoon,Bike,2.9,2.7,18.67,1160.43,6.22,65.6936,59.65,45.1629,8.448175,15.3383,616.4150000000001,408834,44.547835,"(17.323192, 86.8108)",2024,0.0015077390823659482,170.50650000000002,Low
ORD0149,"(12.929482, 87.104639)","(20.417446, 84.879964)",7.09,Sunny,High,7,Medium,Afternoon,Car,4.8,3.1,46.33,424.3,2.22,134.701,108.25,42.199,82.119925,13.509,353.95000000000005,365707,73.79374999999999,"(12.929482, 87.104639)",2024,0.0009678513126628696,285.15,Low
ORD0150,"(14.51671, 81.25014)","(15.541507, 79.255162)",19.46,Sunny,Medium,5,Medium,Night,Bicycle,4.5,3.1,103.89,1221.06,43.44,335.9362,167.10000000000002,136.1918,505.42485000000005,32.988600000000005,999.73,182239,167.82507,"(14.51671, 81.25014)",2024,0.005485818074067571,639.2280000000001,High
ORD0151,"(16.979702, 86.130781)","(17.040384, 78.93715)",10.65,Cloudy,High,2,Low,Morning,Car,3.4,3.9,88.24,1519.46,73.73,247.94920000000002,118.45,125.0488,234.939,32.842600000000004,972.73,463510,129.96912,"(16.979702, 86.130781)",2024,0.0020986170740652844,491.448,Medium
ORD0152,"(21.899732, 84.177465)","(20.872473, 81.010938)",9.44,Sunny,Medium,3,Low,Evening,Car,3.1,2.8,49.57,382.57,51.89,157.5264,100.6,75.18209999999999,116.98519999999999,13.739700000000001,380.085,489845,84.151115,"(21.899732, 84.177465)",2024,0.0007759291204360563,333.3085,Low
ORD0153,"(12.134275, 82.230408)","(17.323721, 81.726311)",8.7,Rainy,Medium,1,Low,Night,Car,4.2,4.8,99.99,1582.26,83.68,251.23019999999997,123.9,124.1078,217.47824999999997,35.8206,965.13,412404,133.09347,"(12.134275, 82.230408)",2024,0.0023402537317775774,499.23799999999994,Medium
ORD0154,"(17.072037, 77.849051)","(16.847879, 85.580386)",10.76,Rainy,Medium,6,High,Morning,Bike,2.8,3.2,78.64,1883.26,82.53,241.70520000000002,107.4,140.8028,211.5416,34.5606,1156.83,311938,128.93622,"(17.072037, 77.849051)",2024,0.0037085254121011226,489.908,Medium
ORD0155,"(14.502324, 83.143119)","(14.676113, 86.943648)",16.03,Cloudy,Low,3,Low,Morning,Bicycle,4.1,2.8,98.69,1181.28,48.43,299.9006,143.55,123.7734,395.500175,31.5508,911.24,308906,149.86651,"(14.502324, 83.143119)",2024,0.002949894142554693,567.224,High
ORD0156,"(14.107859, 85.117905)","(18.193135, 85.990779)",14.85,Rainy,Low,1,Low,Evening,Car,3.5,2.9,32.57,1920.15,32.68,206.058,132.45,133.3445,120.916125,25.715500000000002,1257.075,264534,118.59527499999999,"(14.107859, 85.117905)",2024,0.004752035655152079,471.85249999999996,Medium
ORD0157,"(16.150712, 81.29193)","(21.834046, 82.035418)",7.87,Cloudy,High,5,Low,Night,Bike,3.8,3.7,21.7,1070.91,69.6,116.92819999999999,106.94999999999999,98.4073,42.69475,15.049100000000001,692.855,476979,77.24919499999999,"(16.150712, 81.29193)",2024,0.0014525901559607447,322.2855,Low
ORD0158,"(20.197718, 80.603484)","(15.466033, 78.324377)",9.88,Sunny,Low,9,Low,Afternoon,Bike,3.0,4.3,22.48,1625.35,16.91,145.267,113.80000000000001,96.7355,55.525600000000004,20.749499999999998,1010.275,193210,89.150225,"(20.197718, 80.603484)",2024,0.005228896019874748,355.8025,Low
ORD0159,"(19.537173, 87.663414)","(15.946469, 85.2729)",14.12,Snowy,High,8,Low,Afternoon,Bike,4.5,4.2,95.64,1904.56,8.01,294.51120000000003,149.2,117.6218,337.6092,38.1736,1234.6799999999998,70669,151.10607000000002,"(19.537173, 87.663414)",2024,0.017471309909578455,561.333,High
ORD0160,"(20.28457, 82.704094)","(18.180192, 79.767254)",23.79,Sunny,Low,6,Low,Night,Bicycle,3.5,4.7,26.47,209.14,15.7,234.20779999999996,191.54999999999998,109.2842,157.43032499999998,7.385400000000001,580.3699999999999,182819,127.91912999999997,"(20.28457, 82.704094)",2024,0.0031745606310066236,535.0419999999999,High
ORD0161,"(12.791817, 84.30232)","(20.556468, 86.535114)",10.11,Snowy,High,3,Medium,Evening,Bicycle,3.3,3.0,60.19,132.04,61.24,173.8058,107.55,75.0212,152.130225,13.3584,268.21999999999997,309842,90.24828000000001,"(12.791817, 84.30232)",2024,0.0008656670173830532,356.37699999999995,Low
ORD0162,"(16.545755, 80.744197)","(21.856855, 83.395049)",6.85,Rainy,Low,3,Medium,Evening,Bicycle,3.8,4.7,109.1,1851.63,37.43,255.4826,109.85,101.66390000000001,186.83374999999998,40.3363,1062.815,384863,129.998885,"(16.545755, 80.744197)",2024,0.0027615411198270556,466.99649999999997,Medium
ORD0163,"(13.496815, 86.400216)","(16.454118, 87.057465)",23.94,Cloudy,Low,5,High,Morning,Bicycle,4.8,4.6,32.93,652.51,37.78,253.9652,204.5,134.2253,197.08605,13.1111,805.0550000000001,401341,142.467795,"(13.496815, 86.400216)",2024,0.0020059126777478503,592.6904999999999,High
ORD0164,"(13.143056, 78.21158)","(14.303098, 87.047958)",21.24,Cloudy,High,3,Low,Evening,Bike,3.6,3.8,39.18,1242.95,48.07,253.549,172.6,146.2835,208.04579999999999,20.265500000000003,1046.275,188925,140.633425,"(13.143056, 78.21158)",2024,0.005538044197432844,572.4325,High
ORD0165,"(21.434125, 85.575853)","(18.373542, 78.178511)",8.22,Rainy,Medium,6,High,Afternoon,Car,2.7,4.5,103.35,1761.34,25.77,256.0118,104.1,98.6052,212.38425,38.2834,1045.07,151135,127.72767999999999,"(21.434125, 85.575853)",2024,0.00691481126145499,458.717,Medium
ORD0166,"(12.166759, 84.946467)","(18.906284, 81.043957)",8.54,Snowy,Medium,5,Medium,Evening,Car,2.5,2.9,78.69,568.86,85.97,197.73219999999998,90.89999999999999,94.21079999999999,168.00314999999998,21.4266,455.23,238376,100.20191999999999,"(12.166759, 84.946467)",2024,0.0019097140651743465,382.84299999999996,Medium
ORD0167,"(18.298413, 81.48559)","(21.239981, 80.410354)",8.87,Sunny,Low,5,High,Evening,Car,3.4,4.0,22.35,133.77,39.52,107.1604,110.35,59.2531,49.561125,5.8077000000000005,244.28499999999997,258257,65.429165,"(18.298413, 81.48559)",2024,0.0009458988526932473,276.7635,Low
ORD0168,"(20.093991, 77.557169)","(15.361076, 77.773152)",1.79,Sunny,Low,2,Low,Night,Bike,3.4,3.2,67.91,1978.19,50.22,155.74880000000002,68.55000000000001,91.6157,30.389725,33.3639,1024.895,59727,87.52255500000001,"(20.093991, 77.557169)",2024,0.017159659785356707,315.91450000000003,Low
ORD0169,"(12.184481, 78.571935)","(15.448233, 87.322424)",23.24,Snowy,Low,8,High,Morning,Bike,3.8,3.5,40.05,936.12,4.82,264.7174,182.2,123.4536,232.69049999999996,17.3712,932.8599999999999,431658,141.32173999999998,"(12.184481, 78.571935)",2024,0.002161109026127165,570.371,High
ORD0170,"(18.598996, 86.776024)","(21.6533, 87.095368)",4.33,Rainy,Low,3,High,Afternoon,Car,3.5,4.5,69.78,1275.58,12.8,164.8216,92.65,61.987399999999994,75.53685,26.7118,724.39,378835,87.95930999999999,"(18.598996, 86.776024)",2024,0.0019121517283249964,319.45899999999995,Low
ORD0171,"(12.677288, 78.720236)","(13.002898, 83.304578)",1.99,Snowy,High,5,High,Afternoon,Bike,3.1,3.1,114.28,1631.32,61.65,219.9664,65.75,87.7246,56.8543,39.169200000000004,855.4599999999999,186315,107.96629,"(12.677288, 78.720236)",2024,0.0045914714327885565,373.44100000000003,Low
ORD0172,"(15.377983, 79.255275)","(21.49081, 77.574597)",13.12,Sunny,Low,6,Medium,Evening,Bicycle,3.6,2.6,74.41,1255.25,34.79,241.67999999999998,122.39999999999999,107.5325,244.06479999999996,27.4345,890.025,355770,124.08767499999999,"(15.377983, 79.255275)",2024,0.002501686482840037,471.61249999999995,Medium
ORD0173,"(18.387832, 87.273872)","(17.503424, 77.504882)",5.91,Sunny,High,4,Low,Afternoon,Car,3.8,3.9,64.18,1826.15,88.94,180.073,98.75,122.89450000000001,94.82595,31.097500000000004,1031.275,77919,104.645075,"(18.387832, 87.273872)",2024,0.013235218624469,401.7175,Medium
ORD0174,"(14.643992, 87.6362)","(13.218537, 84.461725)",22.34,Rainy,Low,9,Low,Afternoon,Car,2.8,4.7,82.96,1486.04,1.47,332.88079999999997,177.29999999999998,134.6762,463.3316,31.452399999999997,1189.82,99602,168.10662999999997,"(14.643992, 87.6362)",2024,0.011945744061364229,644.857,High
ORD0175,"(14.574055, 85.527795)","(17.782054, 85.624903)",1.9,Rainy,Medium,9,High,Morning,Bike,2.9,4.2,93.2,774.62,55.02,170.4924,72.1,58.3486,44.269999999999996,26.386200000000002,425.31,330329,84.87449,"(14.574055, 85.527795)",2024,0.0012875345488891378,300.941,Low
ORD0176,"(17.182709, 87.525208)","(13.911681, 79.685464)",7.38,Snowy,Medium,8,Low,Evening,Car,4.3,4.3,50.02,1278.76,5.23,159.6452,114.30000000000001,70.4978,92.2869,22.791600000000003,786.98,274381,90.44487,"(17.182709, 87.525208)",2024,0.0028682015154110527,344.443,Low
ORD0177,"(14.973994, 85.806414)","(14.300498, 82.465042)",5.29,Snowy,Low,8,High,Afternoon,Car,3.7,4.5,48.26,1805.37,10.64,150.81740000000002,99.45,80.6411,63.82385,27.7057,1008.4849999999999,160929,88.313665,"(14.973994, 85.806414)",2024,0.006266645539337223,330.9085,Low
ORD0178,"(20.881705, 84.488008)","(15.892642, 84.329409)",17.44,Cloudy,Medium,7,Low,Evening,Bike,4.7,2.9,111.18,1373.29,83.65,333.7558,157.39999999999998,152.7837,484.74480000000005,35.968900000000005,1035.445,399185,168.911855,"(20.881705, 84.488008)",2024,0.0025938975662913185,643.9395,High
ORD0179,"(16.269274, 79.144391)","(16.964307, 86.495532)",9.31,Snowy,High,8,Low,Afternoon,Car,3.3,3.3,80.11,1848.91,89.12,231.6232,105.95000000000002,137.2673,186.456025,34.5111,1110.655,187535,125.07149500000001,"(16.269274, 79.144391)",2024,0.005922387820940091,474.8405,Medium
ORD0180,"(21.650926, 84.2105)","(12.159673, 82.788761)",5.24,Cloudy,Low,6,High,Evening,Bike,2.5,2.9,97.07,994.21,17.9,207.40919999999997,74.4,59.7363,127.1617,29.3561,601.905,464540,97.80564499999998,"(21.650926, 84.2105)",2024,0.0012957011236922546,341.54549999999995,Low
ORD0181,"(14.625182, 86.23251)","(14.339907, 83.154075)",7.19,Rainy,Low,8,High,Evening,Car,4.3,3.1,84.34,767.6,12.12,199.382,103.75,57.848,151.60115000000002,24.544000000000004,527.6,195205,99.0594,"(14.625182, 86.23251)",2024,0.0027027996209113498,360.98,Low
ORD0182,"(17.456111, 86.790905)","(13.723872, 81.030834)",2.46,Cloudy,Medium,7,Low,Afternoon,Car,3.3,4.4,114.21,1319.04,53.84,217.3758,80.5,76.3312,70.23915,36.032399999999996,708.72,170104,107.17537999999999,"(17.456111, 86.790905)",2024,0.00416639232469548,374.207,Medium
ORD0183,"(21.471948, 87.230396)","(15.947534, 87.383889)",18.82,Rainy,Medium,2,High,Night,Bicycle,4.6,4.0,56.78,1109.45,27.27,257.91900000000004,172.1,122.1985,267.1499,22.4505,931.125,311176,139.105675,"(21.471948, 87.230396)",2024,0.002992277682083451,552.2175,High
ORD0184,"(14.965888, 81.906201)","(14.940091, 84.55996)",11.39,Sunny,Low,2,Low,Night,Bicycle,3.5,4.0,100.28,774.81,2.17,257.0362,123.95,69.8893,285.5473,27.804100000000002,615.2049999999999,476345,123.50589500000001,"(14.965888, 81.906201)",2024,0.0012915114045492237,450.8755,Medium
ORD0185,"(14.035437, 80.510094)","(16.222415, 85.337904)",7.38,Sunny,Low,8,High,Morning,Car,3.3,3.8,30.49,1401.99,31.25,132.8148,100.30000000000001,87.2047,56.25405,20.1179,848.595,257541,81.03230500000001,"(14.035437, 80.510094)",2024,0.0032949899239344414,320.3195,Low
ORD0186,"(20.773298, 79.778064)","(13.79002, 83.576672)",3.25,Rainy,Low,3,Medium,Afternoon,Bicycle,4.9,4.3,89.21,1588.69,64.95,191.5888,99.65,93.1357,72.483125,33.728899999999996,859.345,385054,104.86855499999999,"(20.773298, 79.778064)",2024,0.0022317519101216973,384.37449999999995,Medium
ORD0187,"(19.403962, 83.292579)","(14.554876, 82.437211)",3.56,Snowy,Low,2,Low,Evening,Bicycle,4.0,3.7,37.65,644.0,94.88,97.835,87.4,80.99999999999999,33.5085,13.97,393.2,488902,64.5685,"(19.403962, 83.292579)",2024,0.0008042511587189252,266.235,Low
ORD0188,"(21.04265, 83.613264)","(21.284686, 83.488263)",6.6,Sunny,Medium,6,High,Night,Car,4.5,3.4,106.64,179.95,45.34,216.35899999999998,105.2,54.4685,175.956,23.1275,221.975,190981,103.368975,"(21.04265, 83.613264)",2024,0.0011622883951806723,376.0275,Medium
ORD0189,"(12.094598, 84.480602)","(12.500315, 80.8749)",23.87,Rainy,Low,8,High,Afternoon,Bicycle,2.9,2.6,74.95,1630.33,47.59,335.9916,169.15000000000003,168.1849,447.26412500000004,31.293300000000002,1292.565,138013,172.372535,"(12.094598, 84.480602)",2024,0.009365530783332006,673.3265,High
ORD0190,"(14.418136, 81.056051)","(15.882562, 86.681126)",10.56,Rainy,Low,2,Low,Afternoon,Bike,3.6,3.4,105.41,1767.21,52.66,277.9392,116.00000000000001,121.5863,278.2824,38.7541,1094.805,111505,140.321345,"(14.418136, 81.056051)",2024,0.009818438635038788,515.5255,High
ORD0191,"(13.403093, 81.228431)","(14.771298, 77.33628)",15.36,Snowy,High,1,High,Evening,Bicycle,4.8,4.8,82.62,1223.63,14.51,271.2826,163.2,105.4039,317.2608,28.7603,919.0150000000001,160133,141.339485,"(13.403093, 81.228431)",2024,0.005739073145447847,539.8865,High
ORD0192,"(16.4978, 81.202966)","(13.435223, 78.026865)",4.33,Snowy,Low,8,Low,Night,Bike,4.0,3.7,101.25,1820.44,92.24,222.92379999999997,91.25,118.0532,109.603125,38.4544,996.82,479408,118.21687999999999,"(16.4978, 81.202966)",2024,0.0020792727697493576,432.227,Medium
ORD0193,"(12.823713, 86.24385)","(17.741438, 80.52411)",22.68,Rainy,Low,1,Low,Morning,Bicycle,2.9,3.4,98.75,693.33,16.12,343.4316,169.6,119.57990000000001,559.9125,26.683300000000003,800.2650000000001,247061,165.55978499999998,"(12.823713, 86.24385)",2024,0.0032391393218678794,632.6115,High
ORD0194,"(21.300802, 78.099101)","(15.235271, 79.650149)",6.53,Rainy,Low,2,Low,Evening,Bicycle,3.6,4.8,90.18,866.3,91.17,204.836,107.05000000000001,97.694,147.21885,26.699,563.75,338438,108.1945,"(21.300802, 78.099101)",2024,0.0016657408447041998,409.58000000000004,Medium
ORD0195,"(13.634688, 81.317357)","(19.198154, 79.886316)",18.2,Rainy,High,4,Medium,Morning,Car,4.8,3.3,119.46,975.58,69.67,344.30159999999995,165.4,136.9024,543.543,33.647800000000004,851.79,369936,170.36496,"(13.634688, 81.317357)",2024,0.0023025334111846374,646.604,High
ORD0196,"(17.910045, 81.56199)","(18.098924, 87.896124)",23.82,Cloudy,High,8,Medium,Night,Bike,4.7,4.0,50.39,1432.26,66.34,294.79019999999997,198.1,171.4178,300.07245,24.4006,1192.53,254748,163.52997,"(17.910045, 81.56199)",2024,0.004681214376560366,664.308,High
ORD0197,"(21.66459, 82.226635)","(16.892341, 80.554716)",6.09,Snowy,Medium,8,Low,Night,Bicycle,3.0,3.6,90.54,1720.25,40.27,218.935,89.25,96.10249999999999,137.84715,35.310500000000005,981.925,459665,112.07007499999999,"(21.66459, 82.226635)",2024,0.002136175258068376,404.2875,Medium
ORD0198,"(14.575401, 82.55641)","(13.625369, 82.418092)",20.61,Snowy,High,4,Medium,Afternoon,Bike,2.9,3.4,73.2,1356.58,5.1,301.8116,159.25,125.6874,377.163,28.2058,1090.49,418440,152.52891,"(14.575401, 82.55641)",2024,0.0026060845043494887,586.749,High
ORD0199,"(12.094497, 82.893369)","(19.135509, 86.659978)",24.06,Rainy,High,9,Low,Night,Car,3.9,4.8,53.94,354.39,85.25,280.4778,197.70000000000002,149.49669999999998,324.4491,14.331900000000001,658.395,456005,151.840605,"(12.094497, 82.893369)",2024,0.0014438328527099484,627.6745000000001,High
ORD0200,"(19.360304, 84.132424)","(20.941636, 77.01334)",9.18,Snowy,Low,2,Low,Morning,Bike,4.6,3.2,78.58,323.73,48.91,197.7846,117.5,70.8869,180.34109999999998,18.953300000000002,345.46500000000003,447443,101.049735,"(19.360304, 84.132424)",2024,0.0007720871708798663,386.17150000000004,Medium
